[
  {
    "image": "/images/Frame 1707479229.png",
    "heading": "Create profile",
    "paragraph": "Set up your professional profile in minutes."
  },
  {
    "image": "/images/Group 3 (1).png",
    "heading": "Upload CV & skills",
    "paragraph": "Upload your CV and highlight the skills that set you apart."
  },
  {
    "image": "/images/Group 2.png",
    "heading": "Get matched to jobs",
    "paragraph": "See roles that fit your background."
  },
  {
    "image": "/images/Group 1171276235.png",
    "heading": "Chat with recruiters",
    "paragraph": "Connect instantly. No middlemen."
  }
]
