[
  {
    "label": "Candidate Profile",
    "title": "Showcase Your Talent",
    "description": "Candidates can easily create rich, standout profiles — complete with skills, experience, and a professional touch."
  },
  {
    "label": "Job Card + Matching",
    "title": "Smart Matching That Works",
    "description": "No more job board noise. R2C highlights jobs that match your exact background — saving time for both sides."
  },
  {
    "label": "Chat Interface",
    "title": "Real Conversations, Instantly",
    "description": "Recruiters and candidates connect with direct messaging — no waiting, no middlemen."
  }
]
